{
  "Total" : {
    "transaction" : "Total",
    "sampleCount" : 4000,
    "errorCount" : 96,
    "errorPct" : 2.4,
    "meanResTime" : 924.7407500000015,
    "medianResTime" : 137.5,
    "minResTime" : 115.0,
    "maxResTime" : 30498.0,
    "pct1ResTime" : 383.9000000000001,
    "pct2ResTime" : 753.0,
    "pct3ResTime" : 30122.0,
    "throughput" : 106.22195076612583,
    "receivedKBytesPerSec" : 492.13607467569113,
    "sentKBytesPerSec" : 15.974785564436893
  },
  "HTTP Request" : {
    "transaction" : "HTTP Request",
    "sampleCount" : 4000,
    "errorCount" : 96,
    "errorPct" : 2.4,
    "meanResTime" : 924.7407500000015,
    "medianResTime" : 137.5,
    "minResTime" : 115.0,
    "maxResTime" : 30498.0,
    "pct1ResTime" : 383.9000000000001,
    "pct2ResTime" : 753.0,
    "pct3ResTime" : 30122.0,
    "throughput" : 106.22195076612583,
    "receivedKBytesPerSec" : 492.13607467569113,
    "sentKBytesPerSec" : 15.974785564436893
  }
}