{
  "Total" : {
    "transaction" : "Total",
    "sampleCount" : 50,
    "errorCount" : 0,
    "errorPct" : 0.0,
    "meanResTime" : 221.76000000000005,
    "medianResTime" : 125.0,
    "minResTime" : 120.0,
    "maxResTime" : 1514.0,
    "pct1ResTime" : 501.9,
    "pct2ResTime" : 556.9999999999995,
    "pct3ResTime" : 1514.0,
    "throughput" : 5.055611729019211,
    "receivedKBytesPerSec" : 23.82733506066734,
    "sentKBytesPerSec" : 0.7603166076845298
  },
  "HTTP Request" : {
    "transaction" : "HTTP Request",
    "sampleCount" : 50,
    "errorCount" : 0,
    "errorPct" : 0.0,
    "meanResTime" : 221.76000000000005,
    "medianResTime" : 125.0,
    "minResTime" : 120.0,
    "maxResTime" : 1514.0,
    "pct1ResTime" : 501.9,
    "pct2ResTime" : 556.9999999999995,
    "pct3ResTime" : 1514.0,
    "throughput" : 5.055611729019211,
    "receivedKBytesPerSec" : 23.82733506066734,
    "sentKBytesPerSec" : 0.7603166076845298
  }
}