{
  "Total" : {
    "transaction" : "Total",
    "sampleCount" : 27123,
    "errorCount" : 1,
    "errorPct" : 0.0036869077,
    "meanResTime" : 131.38314345758323,
    "medianResTime" : 122.0,
    "minResTime" : 115.0,
    "maxResTime" : 30120.0,
    "pct1ResTime" : 146.0,
    "pct2ResTime" : 157.0,
    "pct3ResTime" : 185.0,
    "throughput" : 138.5098559901951,
    "receivedKBytesPerSec" : 413.0340423443724,
    "sentKBytesPerSec" : 0.0
  },
  "HTTP Request" : {
    "transaction" : "HTTP Request",
    "sampleCount" : 27123,
    "errorCount" : 1,
    "errorPct" : 0.0036869077,
    "meanResTime" : 131.38314345758323,
    "medianResTime" : 122.0,
    "minResTime" : 115.0,
    "maxResTime" : 30120.0,
    "pct1ResTime" : 146.0,
    "pct2ResTime" : 157.0,
    "pct3ResTime" : 185.0,
    "throughput" : 138.5098559901951,
    "receivedKBytesPerSec" : 413.0340423443724,
    "sentKBytesPerSec" : 0.0
  }
}