{
  "Total" : {
    "transaction" : "Total",
    "sampleCount" : 50,
    "errorCount" : 0,
    "errorPct" : 0.0,
    "meanResTime" : 212.30000000000007,
    "medianResTime" : 122.0,
    "minResTime" : 118.0,
    "maxResTime" : 1120.0,
    "pct1ResTime" : 494.7,
    "pct2ResTime" : 605.949999999999,
    "pct3ResTime" : 1120.0,
    "throughput" : 9.349289454001497,
    "receivedKBytesPerSec" : 49.11298616305161,
    "sentKBytesPerSec" : 1.1777913472326103
  },
  "HTTP Request" : {
    "transaction" : "HTTP Request",
    "sampleCount" : 50,
    "errorCount" : 0,
    "errorPct" : 0.0,
    "meanResTime" : 212.30000000000007,
    "medianResTime" : 122.0,
    "minResTime" : 118.0,
    "maxResTime" : 1120.0,
    "pct1ResTime" : 494.7,
    "pct2ResTime" : 605.949999999999,
    "pct3ResTime" : 1120.0,
    "throughput" : 9.349289454001497,
    "receivedKBytesPerSec" : 49.11298616305161,
    "sentKBytesPerSec" : 1.1777913472326103
  }
}