{
  "Total" : {
    "transaction" : "Total",
    "sampleCount" : 4000,
    "errorCount" : 2,
    "errorPct" : 0.05,
    "meanResTime" : 282.0797500000002,
    "medianResTime" : 127.0,
    "minResTime" : 116.0,
    "maxResTime" : 30123.0,
    "pct1ResTime" : 171.0,
    "pct2ResTime" : 205.0,
    "pct3ResTime" : 541.9899999999998,
    "throughput" : 110.94469407000611,
    "receivedKBytesPerSec" : 330.4256668382842,
    "sentKBytesPerSec" : 0.0
  },
  "HTTP Request" : {
    "transaction" : "HTTP Request",
    "sampleCount" : 4000,
    "errorCount" : 2,
    "errorPct" : 0.05,
    "meanResTime" : 282.0797500000002,
    "medianResTime" : 127.0,
    "minResTime" : 116.0,
    "maxResTime" : 30123.0,
    "pct1ResTime" : 171.0,
    "pct2ResTime" : 205.0,
    "pct3ResTime" : 541.9899999999998,
    "throughput" : 110.94469407000611,
    "receivedKBytesPerSec" : 330.4256668382842,
    "sentKBytesPerSec" : 0.0
  }
}